name,employees,code
intesa sanpaolo,12248,ITC1
comau,3373,ITC1
iveco,3311,ITC1
università degli studi di torino,2354,ITC1
politecnico di torino,2295,ITC1
libre,1371,ITC1
avio aero,1295,ITC1
reale mutua assicurazioni,1260,ITC1
lavazza,1190,ITC1
seat pagine gialle spa,972,ITC1
diasorin,919,ITC1
miroglio,860,ITC1
fpt industrial,817,ITC1
gruppo banca sella,795,ITC1
fondiaria-sai,765,ITC1
law firm,751,ITC1
regione piemonte,749,ITC1
fondazione i.r.c.c.s. policlinico san matteo pavia,680,ITC1
vittoria assicurazioni,624,ITC1
mine,623,ITC1
csi piemonte,602,ITC1
university of turin,516,ITC1
cnh industrial capital,493,ITC1
italgas,491,ITC1
casa mia,491,ITC1
cnh capital,480,ITC1
asl to3,456,ITC1
italdesign giugiaro,423,ITC1
deltatre,413,ITC1
bitron,410,ITC1
la stampa,407,ITC1
nice,397,ITC1
gruppo assiprime assicurazioni e finanziamenti,384,ITC1
csp,370,ITC1
teksid,370,ITC1
juventus football club,369,ITC1
rgi group,334,ITC1
synergie italia,321,ITC1
bcube spa,317,ITC1
salvatore maugeri foundation,294,ITC1
arpa piemonte,292,ITC1
conbipel spa,290,ITC1
aizoon technology consulting,288,ITC1
fca bank,277,ITC1
teoresi s.p.a,274,ITC1
il pesciolino rosso,267,ITC1
banca intermobiliare di investimenti e gestioni spa,266,ITC1
pininfarina,262,ITC1
edf fenice,259,ITC1
valvitalia s.p.a,256,ITC1
lawer,250,ITC1
università del piemonte orientale,249,ITC1
prima power,249,ITC1
cisalpina tours spa,237,ITC1
banca patrimoni sella & c.,234,ITC1
wow,228,ITC1
rai pubblicità,209,ITC1
sella holding banca,204,ITC1
cooperativa animazione valdocco,200,ITC1
sphera,200,ITC1
"gruppo scai, consulenza aziendale informatica",199,ITC1
consoft sistemi,198,ITC1
geodata engineering s.p.a.,197,ITC1
spea,195,ITC1
praxi s.p.a.,190,ITC1
banca popolare di novara,190,ITC1
azimut yachts,187,ITC1
covisian,187,ITC1
armando testa,177,ITC1
blue reply,174,ITC1
tk,170,ITC1
basicnet s.p.a,167,ITC1
tesisquare® - tesi spa,165,ITC1
pensionarea,162,ITC1
università del piemonte orientale,162,ITC1
olsa group,162,ITC1
domino,162,ITC1
csp spa,160,ITC1
candiolo cancer institute irccs,160,ITC1
sipal s.p.a.,160,ITC1
dpv s.p.a.,159,ITC1
betacom s.r.l.,158,ITC1
alessi,157,ITC1
finsoft srl,156,ITC1
a.o.u. san luigi gonzaga,155,ITC1
law firm,153,ITC1
prima industrie s.p.a.,151,ITC1
gruppo elpe (elpe global logistic services • elpe hr),150,ITC1
merlo group,144,ITC1
selta spa,139,ITC1
drillmec s.p.a.,137,ITC1
sata group,135,ITC1
alpitel s.p.a.,135,ITC1
gessi s.p.a.,132,ITC1
scuola++,131,ITC1
thinkopen,129,ITC1
novamont,129,ITC1
sparco,128,ITC1
cooperativa quadrifoglio,127,ITC1
b&w spig,124,ITC1
azienda usl della valle d'aosta,210,ITC2
engineering d.hub,70,ITC2
cogne acciai speciali s.p.a.,58,ITC2
inva s.p.a.,54,ITC2
compagnia valdostana delle acque s.p.a.,31,ITC2
saint-vincent resort & casino,31,ITC2
gps standard spa,29,ITC2
laser informatica,16,ITC2
logic,16,ITC2
quintetto srl,13,ITC2
macori,10,ITC2
touchware,10,ITC2
isense,10,ITC2
all food sa,10,ITC2
deed s.r.l.,9,ITC2
techgea s.r.l.,8,ITC2
courmayeur mont blanc funivie s.p.a.,8,ITC2
edileco,7,ITC2
gdp consultants,7,ITC2
allure alps,6,ITC2
campzero,6,ITC2
hotel bellevue cogne,6,ITC2
centro dentistico sarvadon,6,ITC2
pmpromotion,6,ITC2
turismok,5,ITC2
grand hotel billia s.r.l,5,ITC2
tecnomec srl,5,ITC2
hextra srl,5,ITC2
novasis innovazione srl,4,ITC2
area insurance broker s.r.l.,4,ITC2
rhiannon,4,ITC2
fondation grand paradis,4,ITC2
sorgenti monte bianco terme di courmayeur spa,4,ITC2
gros cidac srl,4,ITC2
cantele,4,ITC2
grand hotel royal e golf,4,ITC2
gruppo mips,4,ITC2
deval s.p.a.,4,ITC2
socialsurf,4,ITC2
planet service,4,ITC2
aosta panoramica,3,ITC2
studio dgmassociati,3,ITC2
promomedia,3,ITC2
accademia dei coach,3,ITC2
sweexo,3,ITC2
pivato girardi & associati,3,ITC2
funivie monte bianco spa,3,ITC2
dimensione ingenierie,3,ITC2
thallosjet,3,ITC2
comune di aosta,3,ITC2
sicuramente vacanze di ansed s.n.c.,2,ITC2
orto bio s.s. agricola,2,ITC2
vallee trafor s.r.l,2,ITC2
lagoval s.n.c.,2,ITC2
operval,2,ITC2
d.e.a. service,2,ITC2
atelier des idées,2,ITC2
cervino s.p.a.,2,ITC2
ad hoc 3d solutions srl,2,ITC2
grand hotel courmayeur mont blanc,2,ITC2
triolet,2,ITC2
cervino s.r.l.,2,ITC2
conseil des jeunes valdôtains,2,ITC2
agenzia generali aosta_edera & triglia,2,ITC2
studio odisio,2,ITC2
tora app,2,ITC2
shatush courmayeur,2,ITC2
outsiders srl (ex montagnard srl),2,ITC2
lassu-inc,2,ITC2
in.va. s.p.a. siglabile inva spa,2,ITC2
le privé parisien,2,ITC2
restart entertainment,2,ITC2
projexpo srl,2,ITC2
dodge the shot  courmayeur,2,ITC2
super g - italian mountain lodge,2,ITC2
qualitified,1,ITC2
super g hotel restaurant bar,1,ITC2
soan srl,1,ITC2
snowmet,1,ITC2
musumeci editore,1,ITC2
black fox records,1,ITC2
fablab vda,1,ITC2
jset,1,ITC2
net-age software engineering,1,ITC2
appartamenti antey,1,ITC2
nolovallee srl,1,ITC2
speed cat fitness,1,ITC2
all food co.,1,ITC2
amplificatre,1,ITC2
sell condotte s.r.l.,1,ITC2
digival,1,ITC2
bio & jules,1,ITC2
saunealpine,1,ITC2
blueticketing,1,ITC2
emco management,1,ITC2
marengo marketing srl,1,ITC2
parco naturale mont avic,1,ITC2
soen energia,1,ITC2
aktivemotion,1,ITC2
copro srl,1,ITC2
costa crociere,3236,ITC3
ansaldo sts,2342,ITC3
rina,1473,ITC3
ansaldo energia,1455,ITC3
istituto italiano di tecnologia,850,ITC3
varie,772,ITC3
banca carige spa,679,ITC3
esaote,484,ITC3
cap,441,ITC3
regione liguria,319,ITC3
uisp,313,ITC3
d'appolonia,303,ITC3
comune di genova,298,ITC3
erg spa,244,ITC3
ecuavisa,226,ITC3
university of genoa,209,ITC3
gnv grandi navi veloci,187,ITC3
itss,152,ITC3
aprile spa,150,ITC3
axpo italia,148,ITC3
liguria digitale,143,ITC3
fratelli cosulich s.p.a.,140,ITC3
expertise srl,129,ITC3
qui! group,128,ITC3
spectec,127,ITC3
urbe,124,ITC3
fisia italimpianti - gruppo impregilo,119,ITC3
sanlorenzo spa,118,ITC3
slam,117,ITC3
sigen,110,ITC3
ignazio messina & c.,109,ITC3
renzo piano building workshop,109,ITC3
softeco sismat,107,ITC3
boero bartolomeo s.p.a.,101,ITC3
ansaldo nucleare,99,ITC3
amt genova,98,ITC3
provincia di genova,97,ITC3
wyscout,93,ITC3
iren mercato s.p.a,93,ITC3
duferco energia spa,92,ITC3
instituto nacional de deportes de chile,92,ITC3
bse,91,ITC3
unogas energia,89,ITC3
banca passadore & c.,89,ITC3
iglesia adventista septimo dia,86,ITC3
italmatch chemicals spa,83,ITC3
cms,77,ITC3
bombardier transportation italy spa,74,ITC3
agrifarma s.p.a.,71,ITC3
intermarine spa,69,ITC3
demont,67,ITC3
agenzia marittima le navi spa,67,ITC3
finsa spa,66,ITC3
istituto giannina gaslini,66,ITC3
metinvest trametal,64,ITC3
ett spa,64,ITC3
universidad josé antonio paéz,63,ITC3
delta progetti 2000,63,ITC3
alaf limited,62,ITC3
sice previt spa,58,ITC3
safe demo,58,ITC3
tm.p. spa - termomeccanica pompe,55,ITC3
fondocasa spa,55,ITC3
medical systems s.p.a.,53,ITC3
bifab methil ltd,53,ITC3
sitav s.p.a.,53,ITC3
gruppo lercari,53,ITC3
sedapta group,52,ITC3
gruppo industriale tosoni,51,ITC3
gruppo sigla,51,ITC3
kosmetik und fußpflege,51,ITC3
cetena s.p.a.,51,ITC3
nato sto-cmre - centre for maritime research and experimentation,50,ITC3
esi s.p.a.,49,ITC3
studio dottori commercialisti,49,ITC3
fratelli carli spa,48,ITC3
5+1aa,48,ITC3
honda r & d,48,ITC3
piam farmaceutici s.p.a.,47,ITC3
il negozio giuridico,46,ITC3
serfer servizi ferroviari srl,46,ITC3
genio in 21 giorni,46,ITC3
futurweb s.p.a.,46,ITC3
personal fitness trainer,45,ITC3
selesta ingegneria s.p.a.,45,ITC3
rimorchiatori riuniti,44,ITC3
tarros spa,43,ITC3
we-unit group s.p.a.,43,ITC3
toshiba t&d europe,42,ITC3
enterprise shipping agency,42,ITC3
gruppo istituto italiano della saldatura,41,ITC3
seastema spa,40,ITC3
ib srl - software e consulting,40,ITC3
voltri terminal europa,40,ITC3
fip - formatura iniezione polimeri,40,ITC3
asg superconductors s.p.a.,39,ITC3
impiana klcc hotel,39,ITC3
arpa liguria,39,ITC3
infinity technology solutions s.p.a.,39,ITC3
banchero costa & c spa,38,ITC3
saipem,14858,ITC4
unicredit,13933,ITC4
telecom italia,11628,ITC4
luxottica,8804,ITC4
pirelli,5491,ITC4
magneti marelli,5426,ITC4
university of milan,3769,ITC4
prada,3727,ITC4
banca mediolanum,3517,ITC4
prysmian group,3069,ITC4
gi group,2615,ITC4
ubi banca,2524,ITC4
sky italia,2495,ITC4
ied istituto europeo di design,2450,ITC4
politecnico di milano,2442,ITC4
sunglass hut,2314,ITC4
dolce&gabbana s.r.l,2233,ITC4
alleanza assicurazioni,2136,ITC4
finecobank,2076,ITC4
mediaset,2052,ITC4
fastweb,2012,ITC4
whirlpool emea,1949,ITC4
mondadori,1912,ITC4
libero professionista geometra,1806,ITC4
pwc italy,1799,ITC4
università degli studi di milano-bicocca,1751,ITC4
salini impregilo,1727,ITC4
egencia,1715,ITC4
ntt data italia,1710,ITC4
esselunga,1706,ITC4
university of pavia,1633,ITC4
cheil worldwide,1605,ITC4
accenture italia,1559,ITC4
ermenegildo zegna group,1543,ITC4
banca popolare di milano,1448,ITC4
valentino,1403,ITC4
università bocconi,1377,ITC4
amplifon,1362,ITC4
kpmg italy,1337,ITC4
decathlon italia,1311,ITC4
business integration partners,1277,ITC4
unicredit business integrated solutions,1265,ITC4
rcs mediagroup,1244,ITC4
il sole 24 ore,1235,ITC4
brembo s.p.a.,1220,ITC4
banco bpm,1205,ITC4
h3g,1178,ITC4
deloitte italia,1155,ITC4
gruppo campari,1150,ITC4
sirti,1134,ITC4
a2a,1111,ITC4
zambon,1089,ITC4
kiko milano,1084,ITC4
deutsche bank italia,1081,ITC4
sogefi group,1061,ITC4
sia s.p.a.,1061,ITC4
wind tre,1020,ITC4
randstad italia,1017,ITC4
comdata spa,1012,ITC4
italtel,1008,ITC4
edison spa,973,ITC4
istituto clinico humanitas,941,ITC4
azimut,939,ITC4
credito valtellinese,931,ITC4
italiaonline,925,ITC4
studio professionale,903,ITC4
bticino,887,ITC4
axa assicurazioni,878,ITC4
ministero pubblica istruzione,856,ITC4
italcementi group,841,ITC4
artsana group,839,ITC4
loro piana,818,ITC4
fondazione don carlo gnocchi onlus,807,ITC4
chebanca! s.p.a - gruppo mediobanca,800,ITC4
snam rete gas,791,ITC4
bracco,780,ITC4
moncler,771,ITC4
mcs,765,ITC4
mediamarket s.p.a.,759,ITC4
agos ducato spa,757,ITC4
versalis spa,751,ITC4
banca imi,739,ITC4
candy hoover group,723,ITC4
zucchetti,687,ITC4
sisal s.p.a.,682,ITC4
fincons group,680,ITC4
techedge group,674,ITC4
maire tecnimont,669,ITC4
mediobanca,658,ITC4
recordati,655,ITC4
sol,648,ITC4
banca popolare di sondrio,644,ITC4
ieo istituto europeo di oncologia,630,ITC4
sdl centrostudi s.p.a.,617,ITC4
alten italia,613,ITC4
sorin group,599,ITC4
sda bocconi school of management,594,ITC4
frau,593,ITC4
coldiretti,582,ITC4
wolters kluwer italia,581,ITC4
fater s.p.a.,650,ITF1
proger spa,469,ITF1
università degli studi  dell'aquila,414,ITF1
asl 1 avezzano - sulmona - l'aquila,348,ITF1
lfoundry,297,ITF1
seap,237,ITF1
fameccanica.data spa,218,ITF1
valagro,192,ITF1
f.lli de cecco di filippo - fara san martino s.p.a.,185,ITF1
sgb humangest holding,176,ITF1
university of l'aquila,176,ITF1
horizon,105,ITF1
saipem italia spa,83,ITF1
nurphoto agency,82,ITF1
ceit impianti srl,82,ITF1
esca,76,ITF1
book,67,ITF1
"dart, faculty of architecture of pescara, italy",66,ITF1
aran cucine,64,ITF1
simed,63,ITF1
toto spa,63,ITF1
bluserena spa,63,ITF1
walter tosto s.p.a.,62,ITF1
modi group,59,ITF1
gssi - gran sasso science institute,53,ITF1
anno zero service,53,ITF1
smape srl,52,ITF1
amministratore,51,ITF1
mainad,46,ITF1
consorzio mario negri sud,43,ITF1
konvergence,41,ITF1
o.m.a. officina metalmeccanica angelucci spa,40,ITF1
universita degli studi di teramo,40,ITF1
delverde ind.alim.spa,38,ITF1
technolabs,37,ITF1
imm hydraulics s.p.a,35,ITF1
industrialesud s.p.a.,33,ITF1
pomilio blumm,33,ITF1
mediass s.p.a.,32,ITF1
aesys *,32,ITF1
las mobili office furniture,31,ITF1
dkc europe,30,ITF1
honda italia industriale spa,29,ITF1
ecoh media srl,29,ITF1
adrilog,28,ITF1
suncity,26,ITF1
cambridge school of english,26,ITF1
cosmo srl - globo,25,ITF1
italprefabbricati spa,23,ITF1
ceit impianti srl,23,ITF1
pantex international,23,ITF1
dayco europe srl,22,ITF1
ehouse,21,ITF1
autelcom s.p.a.,21,ITF1
masciarelli tenute agricole s.r.l.,20,ITF1
vagabondo viaggi s.r.l.,20,ITF1
hatria,19,ITF1
gramma,18,ITF1
humanform srl,18,ITF1
d'auria printing spa,18,ITF1
faraone srl,18,ITF1
diatec  s.r.l.,18,ITF1
o.t.i. officine terapie innovative,18,ITF1
di tieri,18,ITF1
go infoteam,18,ITF1
pasquarelli auto,17,ITF1
dema service s.p.a.,17,ITF1
kaaral srl,17,ITF1
almacis srl,16,ITF1
borghi autentici d'italia,16,ITF1
tekne srl,16,ITF1
toto costruzioni generali,16,ITF1
sea srl,16,ITF1
cascioli group,16,ITF1
antica sartoria srl,16,ITF1
proel s.p.a.,16,ITF1
biblos service cooperativa universitaria,15,ITF1
maglificio gran sasso,15,ITF1
alfagomma hydraulic spa,15,ITF1
manoj kumar,15,ITF1
velomat assembly automation,15,ITF1
ente parco nazionale della majella,15,ITF1
dromedian srl,15,ITF1
ars tech - composite structures,15,ITF1
condotta forestale,15,ITF1
ico srl,15,ITF1
azienda usl di pescara,15,ITF1
apell s.p.a.,14,ITF1
puccioni spa,14,ITF1
elital srl,14,ITF1
kico home elements,14,ITF1
immedya,14,ITF1
molino e pastificio de cecco spa pescara,13,ITF1
ponzio srl,13,ITF1
radar consulting italia,13,ITF1
ceteas srl,13,ITF1
fontecal s.p.a.,13,ITF1
pirola corporate finance s.p.a.,13,ITF1
geico lender,13,ITF1
radio delta 1,12,ITF1
università degli studi del molise,197,ITF2
proma,134,ITF2
istituto neurologico mediterraneo neuromed i.r.c.c.s.,90,ITF2
beltel,58,ITF2
liguria assicurazioni s.p.a.,45,ITF2
la molisana spa,23,ITF2
geotec s.p.a.,22,ITF2
dr motor company,22,ITF2
fondazione di ricerca e cura giovanni paolo ii,21,ITF2
regione molise,21,ITF2
prestiti & finanziamenti,15,ITF2
vesalius,12,ITF2
capas,11,ITF2
microspore s.p.a,11,ITF2
nuca,10,ITF2
kiunsys,10,ITF2
omega point (ompnt),10,ITF2
magistra a.s.,10,ITF2
azienda sanitaria regionale del molise,9,ITF2
ftv tv,8,ITF2
tripla k.k.,8,ITF2
modaimpresa srl,7,ITF2
pringraf,7,ITF2
garanzia europa group spa,7,ITF2
nicola colella,6,ITF2
ticketclub srl,6,ITF2
carmati crm,6,ITF2
codencode,6,ITF2
cercaziende.it,6,ITF2
europea 92 s.p.a.,6,ITF2
packly,5,ITF2
arc real estate spa,5,ITF2
kaleido11,5,ITF2
amaregroup,5,ITF2
devappers srls,4,ITF2
samex.net,4,ITF2
agriz <U+F351>,4,ITF2
energy time s.p.a.,4,ITF2
fidem,4,ITF2
next srl (nextopenspace),4,ITF2
se.ma. s.r.l. - servizi & manutenzioni,4,ITF2
ari@net srl,4,ITF2
quintosubito srl,4,ITF2
micromix,4,ITF2
movinet,4,ITF2
"residenza per anziani ""cittadella mariana di padre pio""",3,ITF2
mg - lavorazione artigianale pelle e cuoio,3,ITF2
prestiter,3,ITF2
batú games,3,ITF2
sorgenia power spa,3,ITF2
nuovo zuccherificio del molise srl,3,ITF2
caseificio perrella,3,ITF2
general costruzioni srl,3,ITF2
mae advanced geophysics instruments,3,ITF2
sim-one telefonia,3,ITF2
dimora delprete di belmonte,3,ITF2
sirio soc coop sociale,2,ITF2
mediterranea biotecnologie srl,2,ITF2
emmealcubo,2,ITF2
toner italia srl,2,ITF2
"lamidea,la mia idea in lamiera",2,ITF2
f.lli tenace autoricambi snc,2,ITF2
gammieri & partners,2,ITF2
pro soccer management,2,ITF2
t-commerce,2,ITF2
r.t.a. srl,2,ITF2
studio ekó srl,2,ITF2
banca popolare delle province molisane s.c.p.a a.r.l,2,ITF2
g f c,2,ITF2
graphè,2,ITF2
nizio comany,2,ITF2
2g energia s.r.l.,2,ITF2
guiness travel s.r.l.,2,ITF2
ema garden,1,ITF2
centroedile srl,1,ITF2
molise turismo,1,ITF2
studio di giampietro,1,ITF2
cam telefonia fissa e mobile,1,ITF2
alba contract,1,ITF2
pro.ma. srl - startup in qatar architects & engineers consultants,1,ITF2
domenico ciamarra photographer,1,ITF2
studio legale guida,1,ITF2
burns srl,1,ITF2
facchino,1,ITF2
cajalo.com,1,ITF2
mondolavoro626,1,ITF2
europro consulting,1,ITF2
cs commerciale service di capodaglio gianfranco,1,ITF2
panificio petrella laurino,1,ITF2
oneclick estate,1,ITF2
rag. domenico carraturo,1,ITF2
momentive performance materials specialties s.r.l.,1,ITF2
protec di gianfrancesco,1,ITF2
microdata srl,1,ITF2
di tommaso truffle - italian excellence,1,ITF2
granitto arredi srl,1,ITF2
sigla fashion,1,ITF2
rateon srl,1,ITF2
micro bio devices srl,1,ITF2
syriusweb - web agency molise,1,ITF2
university of naples federico ii,2242,ITF3
polizia di stato,1760,ITF3
agenzia delle entrate,1620,ITF3
university of salerno,725,ITF3
grimaldi group,528,ITF3
seda,406,ITF3
roma,392,ITF3
asl napoli 2 nord,382,ITF3
bla bla,374,ITF3
piazza italia s.p.a.,326,ITF3
optima italia s.p.a.,316,ITF3
no-company,306,ITF3
conoil plc,297,ITF3
"university of naples, parthenope",288,ITF3
ardia,249,ITF3
cira,234,ITF3
original marines - imap export spa,230,ITF3
kuvera s.p.a. (carpisa),208,ITF3
capri srl,180,ITF3
harmont & blaine s.p.a.,175,ITF3
la doria s.p.a.,175,ITF3
wilhelm determann,171,ITF3
university of sannio,170,ITF3
tecno,170,ITF3
eav ente autonomo volturno,165,ITF3
"irccs istituto nazionale tumori fondazione g pascale, napoli, italy",157,ITF3
innovaway,143,ITF3
dema spa,140,ITF3
mediaserv,139,ITF3
università suor orsola benincasa,127,ITF3
merqurio,124,ITF3
ninja marketing,122,ITF3
antony morato,117,ITF3
ferrarelle spa,117,ITF3
shedir pharma s.r.l.,116,ITF3
caputo s.a.,113,ITF3
atitech s.p.a.,112,ITF3
stazione zoologica anton dohrn,105,ITF3
cogetel limited (online),100,ITF3
azienda universitaria policlinico federico ii,98,ITF3
magnaghi aeronautica spa,97,ITF3
itslab,95,ITF3
isaia,95,ITF3
ceinge biotecnologie avanzate,90,ITF3
formamentis srl,90,ITF3
tirrenia - compagnia italiana di navigazione,89,ITF3
ciaopeople media group,89,ITF3
camomilla italia,86,ITF3
edea,84,ITF3
laminazione sottile s.p.a.,83,ITF3
ania,83,ITF3
firema trasporti,79,ITF3
acra,77,ITF3
liu jo uomo,77,ITF3
kimbo s.p.a.,76,ITF3
geven spa,76,ITF3
axcent s.r.l.,73,ITF3
buzzoole holdings ltd,73,ITF3
generazione vincente s.p.a.,72,ITF3
ubq technologies pvt. ltd.,71,ITF3
azur,70,ITF3
protom group s.p.a.,69,ITF3
marnavi spa,67,ITF3
azienda agricola,66,ITF3
r-store spa apple premium reseller,66,ITF3
12print.it,65,ITF3
pasi,64,ITF3
system management s.p.a.,63,ITF3
e.m.m. informatica,62,ITF3
artigiani,62,ITF3
coes,61,ITF3
capri palace hotel & spa,60,ITF3
genesis mobile italia,60,ITF3
farvima maedicinali spa,60,ITF3
i.t.c. srl,59,ITF3
fondazione idis-città della scienza,59,ITF3
azienda ospedaliera monaldi cotugno cto,58,ITF3
bureau de traduction,58,ITF3
so.farma.morra spa,56,ITF3
g.o.r.i. spa,56,ITF3
kocca,56,ITF3
lillo spa,55,ITF3
elasis,54,ITF3
pastificio lucio garofalo s.p.a.,53,ITF3
ala - advanced logistics for aerospace,53,ITF3
neatec s.p.a.,53,ITF3
advanced systems,51,ITF3
number one shoes,51,ITF3
it pas s.r.l.,50,ITF3
technical consultant,50,ITF3
zuiki,49,ITF3
capua bioservices,48,ITF3
citel group srl,48,ITF3
igs srl - impresa sociale,47,ITF3
bianchi,47,ITF3
tecnosistem spa,47,ITF3
bit4id,47,ITF3
silvian heach - arav fashion spa,46,ITF3
università degli studi di napoli federico ii,46,ITF3
neuromed,45,ITF3
primadonna s.p.a.,140,ITF4
borgo egnazia,105,ITF4
banca popolare di puglia e basilicata,101,ITF4
tata italia spa,67,ITF4
nicolaus tour,66,ITF4
"cetma - centro di progettazione, design & tecnologie dei materiali",46,ITF4
samitex s.a.,45,ITF4
eipass | european informatics passport,44,ITF4
planetek italia,41,ITF4
mafrat s.p.a.,37,ITF4
meleam spa,34,ITF4
comunità di capodarco,28,ITF4
s.i.t srl,24,ITF4
italian leather group spa,22,ITF4
maxnet (bozorg net-e aria),22,ITF4
happy casa store,22,ITF4
skem@ s.r.l.,19,ITF4
renauto s.p.a.,18,ITF4
reddoak,18,ITF4
ingross levante spa,18,ITF4
gpmc,17,ITF4
guastamacchia s.p.a.,17,ITF4
finlogic,17,ITF4
stampa sud spa,16,ITF4
libreria liberrima,16,ITF4
alca società cooperativa,15,ITF4
cube comunicazione srl,14,ITF4
fashion team,14,ITF4
kad3 s.r.l.,13,ITF4
abitare srl,13,ITF4
dai optical industries,13,ITF4
saiba+,12,ITF4
osel srl,12,ITF4
lepore mare s.p.a.,10,ITF4
scs ingegneria s.r.l.,10,ITF4
eureka consulting,10,ITF4
format,9,ITF4
cavaliere,9,ITF4
starworkgc,9,ITF4
puliservice srl,9,ITF4
im evolution srl,9,ITF4
sundera s.r.l.,9,ITF4
emmegi heat exchangers s.p.a.,9,ITF4
la coccinella onlus,9,ITF4
ibim,8,ITF4
oreegano,8,ITF4
asper,8,ITF4
asernet srl,8,ITF4
industrie fracchiolla srl,8,ITF4
mtm project srl,8,ITF4
sidea group - digital agency,8,ITF4
idlog srl,8,ITF4
defino & giancaspro s.r.l.,8,ITF4
oikos immobiliare,8,ITF4
scommettendo,7,ITF4
dgl services,7,ITF4
duplast s.p.a.,7,ITF4
optel microelectronic solutions del gruppo partecipazioni spa,7,ITF4
simant,7,ITF4
fise (federazione imprese servizi),7,ITF4
studio 360,7,ITF4
proforma - multimedia e comunicazione,7,ITF4
ar solutions,7,ITF4
new basket brindisi,6,ITF4
soavegel s.r.l.,6,ITF4
autoweb,6,ITF4
soluzioni immobiliari,6,ITF4
nuovarredo,6,ITF4
"smart marketing – mensile di comunicazione, marketing e social media",6,ITF4
llc neobit,6,ITF4
canne bianche_lifestyle&hotel,6,ITF4
r7 srl,6,ITF4
startail s.r.l.,6,ITF4
neon,6,ITF4
scuola ingegneria & architettura,6,ITF4
cedat,6,ITF4
promove srl,5,ITF4
2ld,5,ITF4
simbiosis s.r.l.,5,ITF4
gial plast srl,5,ITF4
consorzio di gestione di torre guaceto,5,ITF4
s.e.i. spa,5,ITF4
windor srl,5,ITF4
provincia di brindisi,5,ITF4
mendelsohn,5,ITF4
sanferba - <U+5723><U+970F><U+6CCA>,5,ITF4
marraffa srl,5,ITF4
banca di credito cooperativo di putignano,5,ITF4
masseria il frantoio,5,ITF4
demetra ente di formazione,5,ITF4
international aviation supply s.r.l.,4,ITF4
liolà eventi,4,ITF4
amigdala comunicazione,4,ITF4
lojacono & tempesta • marketing communication,4,ITF4
apulia software srl,4,ITF4
casa di cura salus,4,ITF4
miglionico srl,4,ITF4
orthogea officine ortopediche vergati,4,ITF4
edilcass,4,ITF4
norma controtelai,4,ITF4
ibest,7680,ITF5
università degli studi della basilicata,339,ITF5
multiservice,142,ITF5
asp azienda sanitaria locale di potenza,89,ITF5
civa,66,ITF5
acquedotto lucano spa,51,ITF5
azienda ospedaliera ospedale san carlo-potenza,44,ITF5
aias associazione italiana assistenza spastici,37,ITF5
ragazzo,36,ITF5
impes service spa,35,ITF5
publisys s.p.a.,34,ITF5
azienda sanitaria locale di matera,26,ITF5
pmc automotive italia srl,25,ITF5
betflag,24,ITF5
gnosis,24,ITF5
sudelettra spa,24,ITF5
in.hr group,22,ITF5
intema srl,18,ITF5
girasole,18,ITF5
education and training network,17,ITF5
arbea,16,ITF5
cementeria costantinopoli,16,ITF5
geocart s.p.a.,13,ITF5
casa teresa,13,ITF5
fondazione matera-basilicata 2019,13,ITF5
confindustria basilicata,12,ITF5
preziosi food,12,ITF5
venum 3.0,12,ITF5
tomasco,12,ITF5
di leo pietro s.p.a.,11,ITF5
bsd group,11,ITF5
caffe italia,11,ITF5
t3 innovation basilicata,11,ITF5
dian srl,10,ITF5
acentro services srl,10,ITF5
hotel del campo,10,ITF5
pigmento,10,ITF5
applica srl,10,ITF5
falcar,10,ITF5
a.t.e.r. potenza,9,ITF5
digimat srl,9,ITF5
new job s.r.l.,9,ITF5
innova consorzio per l'informatica e la telematica s.r.l.,9,ITF5
perrone associati,9,ITF5
zeta system srl - shipping forwarder,8,ITF5
farmanova,8,ITF5
smart paper spa,8,ITF5
pegasis,8,ITF5
gruppo psc s.p.a. o in breve psc spa,8,ITF5
ingest ingegneria e consulenza industriale,7,ITF5
tramutola llc,7,ITF5
domar spa,7,ITF5
jetbit digital agency,7,ITF5
alfatex italia srl,7,ITF5
digital lighthouse | the house of entertainment & media,7,ITF5
consorzio gruppo eventi,6,ITF5
consorzio lucano telecomunicazioni,6,ITF5
calia trade s.p.a.,6,ITF5
stm srl,6,ITF5
siriti,6,ITF5
scai comunicazione,6,ITF5
studio lambda s.r.l.,6,ITF5
verso wearable,6,ITF5
acservices,6,ITF5
clemente & c snc,5,ITF5
moles,5,ITF5
finlife tu na zycie s.a.,5,ITF5
delta servizi s.r.l.,5,ITF5
remida,5,ITF5
brox srl,5,ITF5
sicuro,5,ITF5
casa netural,5,ITF5
gnosis bioresearch s.r.l.,5,ITF5
mediarea trust,5,ITF5
radiosa communications,5,ITF5
altrafo,5,ITF5
1955 - italian eyewear factory,5,ITF5
acs registrars italia s.r.l.,5,ITF5
commerciale lucana automotive,5,ITF5
studio legale porcari,5,ITF5
eurolabel,5,ITF5
eurocontainers,5,ITF5
alida,5,ITF5
hsh informatica e cultura srl,4,ITF5
mavro luxury,4,ITF5
lucana sistemi srl,4,ITF5
ecodesign srl,4,ITF5
lucana editoriale s.r.l.,4,ITF5
voce spettacolo,4,ITF5
fonti del vulture srl,4,ITF5
smilefood,4,ITF5
novafood,4,ITF5
cubox,4,ITF5
potenza calcio,4,ITF5
consorzio materahub,4,ITF5
minerba,4,ITF5
3dlife,4,ITF5
brecav s.r.l.,4,ITF5
tecnoparco valbasento spa,4,ITF5
innovambiente,4,ITF5
university of calabria,753,ITF6
università degli studi mediterranea di reggio calabria - facoltà di giurisprudenza,261,ITF6
florense,252,ITF6
ubi banca carime,242,ITF6
studio di ingegneria,181,ITF6
hiltron,126,ITF6
asp magna grecia crotone,80,ITF6
edizioni master,76,ITF6
accueil,59,ITF6
icar-cnr,46,ITF6
azienda ospedaliera pugliese ciaccio,45,ITF6
azienda sanitaria provinciale di crotone,44,ITF6
enercal,43,ITF6
system house srl,36,ITF6
caffè mauro,34,ITF6
sirfin s.p.a.,33,ITF6
studio di ingegneria,30,ITF6
exeura s.r.l.,29,ITF6
azienda ospedaliera di cosenza,27,ITF6
azienda ospedaliera bianchi melacrino morelli,26,ITF6
callipo group,26,ITF6
realsoft,25,ITF6
medcenter container terminal spa,23,ITF6
internet & idee,22,ITF6
newsoft,21,ITF6
zenit,21,ITF6
stratosfera,20,ITF6
omnia energia s.p.a.,20,ITF6
siag,19,ITF6
fondazione field,19,ITF6
azienda sanitaria provinciale di catanzaro,18,ITF6
filtrans spa,18,ITF6
provincia di cosenza,16,ITF6
golemsoftware,16,ITF6
personal factory s.p.a.,16,ITF6
service credit s.p.a,16,ITF6
valuetech,15,ITF6
"cassa edile di catanzaro, crotone e vibo valentia",14,ITF6
certa credita,14,ITF6
biomasse italia spa,14,ITF6
la bottega editoriale,14,ITF6
zonezeko,13,ITF6
a.s. & c.,13,ITF6
spi finestre e persiane s.p.a.,13,ITF6
la legge per tutti,13,ITF6
red onion snc,12,ITF6
saja international.,12,ITF6
ferrovie della calabria srl,12,ITF6
coop. fattoria della piana soc. agricola,12,ITF6
master group tour operator,12,ITF6
project life,12,ITF6
tp consulting,11,ITF6
webgenesys srl,11,ITF6
pubblicom,11,ITF6
max relax,10,ITF6
fondazione betania onlus,10,ITF6
finet group srl,10,ITF6
abramo nv,10,ITF6
medalics - research center for mediterranean relations,10,ITF6
macingo technologies,10,ITF6
comune di cosenza,10,ITF6
sinapsys s.r.l,10,ITF6
megalos,10,ITF6
rfe broadcast s.r.l.,9,ITF6
gerardo sacco e co. s.r.l.,9,ITF6
euroform rfs,9,ITF6
altilia,9,ITF6
grand hotel president,9,ITF6
new tech srl rende (cs),9,ITF6
t&s srl - technologies and solutions,9,ITF6
3d research s.r.l.,9,ITF6
innovaction srl,9,ITF6
enersolare e.s.co. s.r.l.,9,ITF6
green & green s.r.l. unipersonale,9,ITF6
softservice,9,ITF6
azienda sanitaria provinciale di reggio calabria,9,ITF6
exabit s.r.l.,9,ITF6
comune di catanzaro,9,ITF6
publifast,8,ITF6
planet group s.r.l.,8,ITF6
paradiso,8,ITF6
sir meccanica s.p.a.,8,ITF6
ogm animation studios,8,ITF6
pole position,8,ITF6
barci engineering - societa  a responsabilita  limitata,8,ITF6
artémat s.r.l.,8,ITF6
aiem srl,8,ITF6
la guarimba international film festival,8,ITF6
hotel village club santa caterina - scalea - auto pollino spa,8,ITF6
fresco by revoilution,8,ITF6
futurodigitale non-profit association,8,ITF6
agrumaria reggina s.r.l.,8,ITF6
consumer financial service corporation,8,ITF6
bartolo bonavoglia group,7,ITF6
eco4cloud,7,ITF6
istituto di vigilanza privata notturna e diurna srl,7,ITF6
mirabeau park hotel,7,ITF6
descom,7,ITF6
studi e progettazioni associati,7,ITF6
cisme s.c.r.l.,7,ITF6
università degli studi di palermo,1321,ITG1
university of catania,838,ITG1
university of messina,826,ITG1
studio professionale,358,ITG1
irem spa,329,ITG1
tsf,216,ITG1
ismett,196,ITG1
banca agricola popolare di ragusa,150,ITG1
comune di palermo,116,ITG1
azienda ospedaliera universitaria policlinico paolo giaccone,100,ITG1
raffineria di milazzo s.c.p.a.,95,ITG1
rap,92,ITG1
"university of enna ""kore""",88,ITG1
fire - consulting & debt management,82,ITG1
libero professionista - consulenza informatica,82,ITG1
fondazione istituto san raffaele g. giglio di cefalù,80,ITG1
gruppo aura s.r.l.,75,ITG1
irritec s.p.a.,72,ITG1
eurocall,72,ITG1
confeserfidi,68,ITG1
mosaicoon,63,ITG1
medial,52,ITG1
3sun srl,50,ITG1
telemarket,49,ITG1
azienda anonima,47,ITG1
unitec blue s.a,47,ITG1
banca nuova spa,46,ITG1
fides s.p.a.,46,ITG1
sicilsaldo spa,46,ITG1
work free,44,ITG1
compagnia della bellezza,44,ITG1
compuservice,44,ITG1
sim spa,43,ITG1
centro convenienza arredi,43,ITG1
eurospin sicilia spa,42,ITG1
automation service s.r.l.,42,ITG1
giambrone law,41,ITG1
assemblea regionale siciliana,41,ITG1
gdd,40,ITG1
isca,37,ITG1
sering srl,37,ITG1
p.o.s. data system s.r.l.,37,ITG1
associazione diplomatici,37,ITG1
meridionale impianti s.p.a.,36,ITG1
azienda ospedaliera per l'emergenza cannizzaro,36,ITG1
arancia-ict srl,35,ITG1
moneynet - istituto di pagamento ibrido,35,ITG1
promimpresa s.r.l.,35,ITG1
studio professionale,34,ITG1
sicilia e-servizi spa,34,ITG1
eos sas,33,ITG1
sicily by car spa,33,ITG1
credito siciliano spa,33,ITG1
coemi s.p.a.,32,ITG1
nico spa,32,ITG1
azienda sanitaria provinciale asp di caltanissetta,31,ITG1
agenzia di stampa italpress,30,ITG1
harim accademia euromediterranea,30,ITG1
sb setec s.p.a.,30,ITG1
idipharma,29,ITG1
dolfin spa,29,ITG1
sudmetal,28,ITG1
gifrab italia s.p.a.,28,ITG1
fondazione teatro massimo,28,ITG1
siciliacque spa,27,ITG1
a.m.g. energia s.p.a.,27,ITG1
s.m. group,27,ITG1
jm english,27,ITG1
cocoon projects,27,ITG1
gruppomega spa,27,ITG1
zappalà spa,27,ITG1
ustica lines s.p.a.,26,ITG1
ascot industrial s.r.l.,26,ITG1
evols s.r.l.,25,ITG1
capo group,25,ITG1
xenia progetti srl,24,ITG1
dell'oglio palermo 1890 - luxury shops for men and women,24,ITG1
san domenico palace taormina,24,ITG1
justone s.r.l.,23,ITG1
bruno s.p.a.,22,ITG1
medivis,22,ITG1
collage s.p.a.,22,ITG1
amap,21,ITG1
pmf,21,ITG1
micronet systems,21,ITG1
azienda ospedaliera ospedali riuniti papardo - piemonte,21,ITG1
sispi s.p.a.,21,ITG1
olomedia,20,ITG1
neodata group,20,ITG1
campagna group - mondialpol security s.p.a. - mondialpol servizi - mondialpol servizi italia s.r.l.,19,ITG1
informatica commerciale s.p.a. - apple premium reseller,19,ITG1
mutui prestiti e servizi srl,19,ITG1
cantine settesoli,19,ITG1
mandarin s.p.a.,19,ITG1
fondazione ri.med,18,ITG1
mohd mollura home design,18,ITG1
bionap srl,18,ITG1
elios energy system,18,ITG1
banca sviluppo economico spa,17,ITG1
tecnis spa,17,ITG1
università degli studi di cagliari,643,ITG2
tiscali,518,ITG2
meridiana <U+2708>,444,ITG2
researcher,343,ITG2
comune di cagliari,217,ITG2
forte village resort,170,ITG2
abbanoa s.p.a.,122,ITG2
azienda ospedaliera g. brotzu,113,ITG2
delphina hotels & resorts,99,ITG2
crs4,92,ITG2
banca di credito sardo,87,ITG2
meridiana maintenance,85,ITG2
sartec - saras ricerche e tecnologie,78,ITG2
moneyfarm,73,ITG2
banco di sardegna s.p.a.,73,ITG2
sardegna ricerche,69,ITG2
akhela,68,ITG2
azienda ospedaliero-universitaria di sassari,67,ITG2
sardegna it,64,ITG2
audioclinic,61,ITG2
agrisardegna,54,ITG2
imi remosa,52,ITG2
air italy,50,ITG2
ente foreste della sardegna,49,ITG2
sardex s.p.a.,46,ITG2
m.in.t.or. srl,46,ITG2
abinsula,45,ITG2
aspal - agenzia sarda per le politiche attive del lavoro,45,ITG2
doveconviene - shopfully international group,42,ITG2
sofir group,29,ITG2
comdata eos s.r.l,27,ITG2
skedaddle,27,ITG2
superemme s.p.a. - supermercati pan,26,ITG2
energit,25,ITG2
cagliari calcio,24,ITG2
fluorsid s.p.a.,23,ITG2
"so.ge.a.al. s.p.a., the alghero airport management company",23,ITG2
cedi,22,ITG2
arst spa,21,ITG2
j-service,21,ITG2
faticoni spa,21,ITG2
portovesme srl,21,ITG2
lynx - mystery shop eyes,20,ITG2
meridiana,20,ITG2
italteleco s.r.l.,19,ITG2
assegnatari associati arborea,19,ITG2
mine vaganti ngo,19,ITG2
centro velico caprera,19,ITG2
flosslab srl,18,ITG2
arbatax park resort & spa,18,ITG2
tholos,18,ITG2
mamusa,18,ITG2
thotel cagliari,18,ITG2
icom srl,17,ITG2
icoolhunt/nextatlas,17,ITG2
keller elettromeccanica s.p.a.,17,ITG2
gruppo cfadda,17,ITG2
trading & consulting analyzers srl unipersonale,16,ITG2
f.a. travel t.o. & dmc,16,ITG2
i viaggi di litta,16,ITG2
karel,16,ITG2
logistica mediterranea spa,15,ITG2
termomeccanica energia srl,15,ITG2
igs - institute for global studies,15,ITG2
istituto zooprofilattico sperimentale della sardegna g. pegreffi,15,ITG2
all me,14,ITG2
fratelli ibba - crai sardegna,14,ITG2
aicof s.r.l.,14,ITG2
sogaer spa,13,ITG2
is molas spa,13,ITG2
journal of infection in developing countries,13,ITG2
cruel,13,ITG2
edgar isrl,13,ITG2
sy.a.s. system automation services s.r.l.,12,ITG2
sardinia green island,12,ITG2
u.s. naval support activity nsa,12,ITG2
nautica assistance,12,ITG2
cosmin spa,12,ITG2
alpi fashion magazine,12,ITG2
portocontericerche,12,ITG2
creative digital studio,12,ITG2
my company srl,12,ITG2
smeralda consulting & associati,12,ITG2
dream work,12,ITG2
mv international,12,ITG2
gexcel,11,ITG2
trame,11,ITG2
iti marina hotels & resorts,11,ITG2
scuola civica di musica di nuoro,11,ITG2
ente parco nazionale dell'arcipelago di la maddalena,11,ITG2
siport,11,ITG2
sardegna.com s.r.l.,11,ITG2
nobento s.p.a.,11,ITG2
geasar s.p.a. (olbia costa smeralda airport),11,ITG2
mapi pharma,10,ITG2
guide me right,10,ITG2
ondulor srl,10,ITG2
ats strumentazione,10,ITG2
ial sardegna s.r.l.impresa sociale,10,ITG2
the others.,10,ITG2
dalmec industrial manipulators,44,ITH1
graffiti 2000,24,ITH1
cardioline spa,20,ITH1
highway,19,ITH1
metalsistem s.p.a.,19,ITH1
silvelox spa,19,ITH1
trilogis s.r.l.,15,ITH1
riva del garda fierecongressi,15,ITH1
sg group,13,ITH1
salvadori srl,13,ITH1
adeo group spa,13,ITH1
consorzio melinda sca,12,ITH1
dea flavor eliquid for ecigarette,12,ITH1
italica turismo s.p.a.,11,ITH1
cimec unitn,11,ITH1
sadesign - articoli promozionali creativi,11,ITH1
inbitcoin,11,ITH1
roverplastik spa,10,ITH1
gabrielli & partner,10,ITH1
impact hub trentino,10,ITH1
cosbi,9,ITH1
stet - servizi territoriali est trentino,9,ITH1
thread solutions,9,ITH1
b-italian,8,ITH1
effegilab srl,8,ITH1
camu srl,8,ITH1
lucian s.r.l.,8,ITH1
miorelli service spa a socio unico,7,ITH1
cristoforetti spa,7,ITH1
juniper xs,7,ITH1
effehotels trentino,7,ITH1
neocogita,7,ITH1
istituto ivo de carneri,6,ITH1
circolo vela arco asd,6,ITH1
arwa,6,ITH1
fabrica ludens™,6,ITH1
tweppy srl,6,ITH1
sapes s.p.a.,6,ITH1
ri-legno,5,ITH1
sep società europea plastica,5,ITH1
tecnoprogress s.p.a.,5,ITH1
movitrento soc. coop.,4,ITH1
scuola italiana sci pinzolo,4,ITH1
studio bonamico e farina snc,4,ITH1
intellegit,4,ITH1
bantoa,4,ITH1
sport time srl,4,ITH1
distilleria bertagnolli,4,ITH1
eurotexfilati s.p.a.,4,ITH1
starsystem it srl,4,ITH1
atis manipulators,4,ITH1
macro design studio,3,ITH1
fondazione museo civico di rovereto,3,ITH1
palladium management,3,ITH1
tecnoelettronica riva,3,ITH1
gamade,3,ITH1
filosofia fiscale srl,3,ITH1
zanetti srl,3,ITH1
juventino col papillon,3,ITH1
cdm - centro didattico musicateatrodanza,3,ITH1
oclab,3,ITH1
oficina d'impresa,3,ITH1
wlp srl - dust suppression systems,3,ITH1
latocreativo,3,ITH1
alessandro campetti architetti studio associato,3,ITH1
hotel leon d'oro,3,ITH1
hollander idrotermica,2,ITH1
cooperativa mimosa,2,ITH1
@kip - crib lab,2,ITH1
villa de varda,2,ITH1
cantina sociale roverè della luna s.c.a.,2,ITH1
dolomiti camping village,2,ITH1
ecomuseo argentario,2,ITH1
hpa  - high performance analytics,2,ITH1
green prefab,2,ITH1
trentino eventi &turismo,2,ITH1
greennvest,2,ITH1
witted srl,2,ITH1
hotel cima rosetta ***s,2,ITH1
aurora vision s.r.l.s.,2,ITH1
etiena,2,ITH1
pietra dolomia,2,ITH1
web4hit,2,ITH1
coop sociale villa maria,2,ITH1
global it srl,2,ITH1
imago garage,2,ITH1
provinco italia s.p.a.,2,ITH1
porfido trentino s.r.l.,2,ITH1
studio legale sartori,2,ITH1
levico acque,2,ITH1
green blok s.c.,2,ITH1
bermat,2,ITH1
siwego,2,ITH1
galassi giacomo s.n.c.,2,ITH1
rubiconex srl,2,ITH1
ondanomala,2,ITH1
nbn records,2,ITH1
concierge digitale,2,ITH1
enuwa,2,ITH1
ideal casa s.a.s.,1,ITH1
university of trento,1321,ITH2
provincia autonoma di trento,1090,ITH2
apss trento,986,ITH2
würth italia,549,ITH2
dedagroup,482,ITH2
fercam s.p.a.,434,ITH2
gruppo itas assicurazioni,426,ITH2
arcese,384,ITH2
zobele group,303,ITH2
fondazione bruno kessler - fbk,293,ITH2
fondazione edmund mach,292,ITH2
gruppo gpi,277,ITH2
suedtiroler volksbank,232,ITH2
oberalp group spa. - salewa - dynafit - wild country - pomoca,212,ITH2
dr. schär,210,ITH2
ddway,207,ITH2
thun spa,200,ITH2
eurac research,198,ITH2
socotec uk,148,ITH2
marangoni,130,ITH2
prinoth,129,ITH2
aquafil group,126,ITH2
suedtiroler sparkasse ag,119,ITH2
edizioni centro studi erickson s.p.a.,118,ITH2
pama s.p.a.,112,ITH2
enginsoft,110,ITH2
informatica trentina,104,ITH2
gruber logistics,104,ITH2
technoalpin,99,ITH2
rotho blaas srl,95,ITH2
würth phoenix group,92,ITH2
loacker,90,ITH2
alperia s.p.a.,90,ITH2
derga consulting,89,ITH2
simest spa,89,ITH2
muse - museo delle scienze,83,ITH2
microtec,82,ITH2
phoenix informatica bancaria spa,80,ITH2
durst phototechnik ag,72,ITH2
markas srl,71,ITH2
trentino sviluppo s.p.a.,70,ITH2
sws engineering s.p.a.,67,ITH2
südtirol bank - alto adige banca,61,ITH2
unifarm spa,61,ITH2
cassa centrale banca gruppo bancario,61,ITH2
aldebra s.p.a.,60,ITH2
raiffeisenverband suedtirol,57,ITH2
activa healthcare,56,ITH2
wildix,56,ITH2
stahlbau pichler,55,ITH2
microtec innovating wood,55,ITH2
dana italia,54,ITH2
vetri speciali s.p.a.,54,ITH2
duka,54,ITH2
seac spa,50,ITH2
trentino trasporti s.p.a.,49,ITH2
brennercom,47,ITH2
acs data systems spa,47,ITH2
frener & reifer gmbh,46,ITH2
idm südtirol-alto adige,46,ITH2
schweitzer group,45,ITH2
unifix swg s.r.l.,43,ITH2
rail traction company,43,ITH2
hypertec solution srl,43,ITH2
fbk create-net,42,ITH2
italscania s.p.a.,42,ITH2
moncada energy group,40,ITH2
informatica bancaria trentina,40,ITH2
miele italia srl,39,ITH2
bts biogas srl/gmbh,37,ITH2
xpeppers,37,ITH2
sportler - best in the alps!,37,ITH2
etc engineering srl,36,ITH2
pvb group,35,ITH2
paradigma italia srl,34,ITH2
trentino network,34,ITH2
loacker remedia srl,33,ITH2
cts einaudi,33,ITH2
ferrari f.lli lunelli s.p.a.,33,ITH2
eurocoating spa,32,ITH2
rbn,32,ITH2
sicor s.p.a.,32,ITH2
tsm-trentino school of management,32,ITH2
arrow electronics italia,32,ITH2
julius meinl italia s.p.a.,31,ITH2
gioel s.p.a.,31,ITH2
agenzia per l'energia alto adige - casaclima agentur für energie südtirol - klimahaus,31,ITH2
"istituto tecnico tecnologico ""guglielmo marconi""",30,ITH2
cba group informatica & servizi,30,ITH2
demaclenko,30,ITH2
selva,30,ITH2
ladurner ambiente spa,30,ITH2
sinergis,30,ITH2
farmavision,30,ITH2
s.a.s ivestigation,30,ITH2
lilt lega italiana per la lotta contro i tumori sezione provinciale di trento,28,ITH2
starpool srl,28,ITH2
subaru italia s.p.a.,28,ITH2
cerco lavoro cercolavoro.com,28,ITH2
zeppelin group,28,ITH2
libero  professionista,5926,ITH3
university of padova,4116,ITH3
banco popolare,2698,ITH3
benetton group,2167,ITH3
calzedonia group,2091,ITH3
diesel,2018,ITH3
allianz italia,1842,ITH3
safilo,1333,ITH3
geox,1189,ITH3
banca generali,1104,ITH3
cattolica assicurazioni,1099,ITH3
lidl italia,1095,ITH3
bottega veneta,1087,ITH3
university of verona,1026,ITH3
banca ifis,958,ITH3
permasteelisa spa,913,ITH3
banca popolare di vicenza,848,ITH3
veneto banca,837,ITH3
ovs,831,ITH3
de'longhi,805,ITH3
azienda ospedaliera universitaria integrata verona,685,ITH3
marcolin,580,ITH3
zoppas industries heating element technologies,561,ITH3
regione veneto,537,ITH3
eurospin italia spa,522,ITH3
fabrica,520,ITH3
in job,495,ITH3
gruppo coin spa,487,ITH3
ulss 6 vicenza,487,ITH3
kering eyewear,451,ITH3
umana spa,443,ITH3
telit,427,ITH3
gcs,413,ITH3
illycaffè,394,ITH3
fidia farmaceutici spa,391,ITH3
volkswagen group italia,383,ITH3
carel,382,ITH3
coin,381,ITH3
h-farm,378,ITH3
burgo group,370,ITH3
h-art,361,ITH3
sipa s.p.a.,352,ITH3
università ca' foscari di venezia,327,ITH3
fiamm,324,ITH3
gruppo pam,319,ITH3
vimar spa,317,ITH3
corvallis spa,317,ITH3
elite,309,ITH3
replay,298,ITH3
azienda ulss 8 asolo,297,ITH3
carraro group,295,ITH3
stevanato group,289,ITH3
ufi filters group,283,ITH3
staff international,283,ITH3
pietro fiorentini s.p.a.,277,ITH3
comune di padova,273,ITH3
mérieux nutrisciences italia,271,ITH3
salvagnini,266,ITH3
dobank s.p.a.,263,ITH3
icgeb,259,ITH3
segafredo zanetti,257,ITH3
ulss 5 ovest vicentino,250,ITH3
aldi s.r.l.,247,ITH3
nice spa,247,ITH3
evolution travel,246,ITH3
came spa,245,ITH3
stefanel,240,ITH3
bipensiero,235,ITH3
enaip,233,ITH3
xxxxxxxx,230,ITH3
texa,230,ITH3
doc servizi soc. coop.,229,ITH3
t&t,225,ITH3
berner italia,223,ITH3
f.i.s. - fabbrica italiana sintetici s.p.a.,221,ITH3
tecnomare,218,ITH3
gottardo spa,217,ITH3
genertel,215,ITH3
ligabue group,215,ITH3
askoll,208,ITH3
infracom italia s.p.a.,203,ITH3
istituto oncologico veneto iov - irccs,202,ITH3
università ca' foscari venezia,202,ITH3
lynx s.p.a.,197,ITH3
morellato spa,196,ITH3
dainese s.p.a.,195,ITH3
gemmo s.p.a.,194,ITH3
de rigo s.p.a,194,ITH3
air dolomiti spa,193,ITH3
cromsource,192,ITH3
lotto sport italia spa,189,ITH3
cad it,188,ITH3
'k' fitness,187,ITH3
alpinestars,184,ITH3
breton s.p.a.,184,ITH3
sweden & martina official,183,ITH3
aia spa,182,ITH3
gruppo euris spa,179,ITH3
previnet s.p.a.,179,ITH3
caaf cgil,179,ITH3
danieli,1917,ITH4
fincantieri s.p.a.,1769,ITH4
electrolux professional,855,ITH4
regione autonoma friuli venezia giulia,595,ITH4
university of udine,574,ITH4
university of trieste,503,ITH4
ditta individuale,476,ITH4
rizzani de eccher,388,ITH4
lima corporate,343,ITH4
eurotech,321,ITH4
sissa,282,ITH4
stroili oro group,278,ITH4
insiel,237,ITH4
overit (engineering ingegneria informatica group),203,ITH4
azienda ospedaliero-universitaria di trieste,186,ITH4
wärtsilä italia s.p.a.,181,ITH4
ial fvg,165,ITH4
tbs group spa,142,ITH4
sgm,136,ITH4
codest international s.r.l,119,ITH4
eurocar,115,ITH4
gruppo pittini,112,ITH4
generali investments,111,ITH4
cooperativa sociale itaca,109,ITH4
mangiarotti spa,106,ITH4
fantoni spa,99,ITH4
win-win project,95,ITH4
cigierre - compagnia generale ristorazione spa,91,ITH4
assicom spa,91,ITH4
independent trader,86,ITH4
cesped spa,86,ITH4
savio macchine tessili s.p.a.,86,ITH4
autostar spa,83,ITH4
valcucine,79,ITH4
servizi cgn,77,ITH4
copernico sim s.p.a.,72,ITH4
veolia water technologies italy,72,ITH4
hypo alpe - adria - bank s.p.a.,72,ITH4
casagrande spa,71,ITH4
solari di udine,69,ITH4
friul intagli industries s.p.a.,67,ITH4
fata s.p.a.,67,ITH4
nemo,66,ITH4
idealservice soc. coop.,66,ITH4
istituto nazionale di oceanografia e geofisica sprerimentale,66,ITH4
logyca,64,ITH4
generali real estate,63,ITH4
mi systems,62,ITH4
auta marocchi spa,62,ITH4
asem s.p.a.,61,ITH4
rhoss,58,ITH4
bofrost* italia,58,ITH4
t connect,57,ITH4
beantech,57,ITH4
studio dentistico,57,ITH4
gruppo banca popolare di cividale s.c.p.a.,57,ITH4
mib school of management,53,ITH4
videe s.p.a.,53,ITH4
gruppo partners associates,49,ITH4
odontosalute,48,ITH4
nidec sole motor corporation s.r.l.,48,ITH4
sina,45,ITH4
pilosio spa,44,ITH4
fata epc,42,ITH4
eutron spa,41,ITH4
"generali investments cee, investicní spolecnost, a.s.",39,ITH4
roncadin s.p.a.,38,ITH4
esw,38,ITH4
vda group,37,ITH4
calzavara spa,35,ITH4
tbs it telematic & biomedical services s.r.l.,35,ITH4
pmp industries,35,ITH4
emmeti,34,ITH4
g.i. industrial holding spa,32,ITH4
sereni orizzonti spa,32,ITH4
naturama,30,ITH4
amga - azienda multiservizi s.p.a.,30,ITH4
zanutta,30,ITH4
monte carlo yachts s.p.a.,29,ITH4
tecnest srl,28,ITH4
m-cube s.p.a.,28,ITH4
udinese calcio spa,28,ITH4
l'ippogrifo,28,ITH4
tr  consulting corporation,27,ITH4
comefri group,27,ITH4
rdz s.p.a.,27,ITH4
kalos,26,ITH4
autonord fioretto s.p.a.,26,ITH4
fluentis.com,26,ITH4
fratelli comunello,25,ITH4
medarchiver,25,ITH4
mcz group spa,25,ITH4
<U+730E><U+5934><U+9AD8><U+7BA1> dotto research ® <U+6709><U+9650><U+516C><U+53F8> <U+25CF>  <U+30C9><U+30C3><U+30C8><U+30EA><U+30B5><U+30FC><U+30C1> ® <U+682A><U+5F0F><U+4F1A><U+793E>,24,ITH4
l&s,24,ITH4
acegasapsamga s.p.a.,24,ITH4
confindustria udine,24,ITH4
aquileia capital services s.r.l.,24,ITH4
gruppo palazzetti,23,ITH4
della valentina office spa,23,ITH4
matermacc,23,ITH4
ferrari,3132,ITH5
me stessa,2915,ITH5
unipolsai assicurazioni spa,2684,ITH5
chiesi group,1866,ITH5
university of bologna,1840,ITH5
barilla group,1831,ITH5
dental clinic,1605,ITH5
max mara fashion group,1392,ITH5
maserati,1391,ITH5
bper banca,1389,ITH5
gruppo cariparma crédit agricole,1376,ITH5
bonatti s.p.a.,1317,ITH5
unipol assicurazioni,1313,ITH5
university of modena and reggio emilia,1312,ITH5
credem banca,1169,ITH5
automobili lamborghini s.p.a.,1063,ITH5
datalogic,1043,ITH5
technogym,1036,ITH5
regione emilia-romagna,1009,ITH5
crif,983,ITH5
psicologia,940,ITH5
hera,928,ITH5
comune di bologna,763,ITH5
la perla,702,ITH5
ducati motor holding,693,ITH5
unieuro,680,ITH5
unipol banca,657,ITH5
conad,656,ITH5
coop alleanza 3.0,639,ITH5
sacmi,632,ITH5
scm group spa,618,ITH5
bonfiglioli,573,ITH5
università degli studi di parma,558,ITH5
furla,555,ITH5
manutencoop,541,ITH5
prometeia,509,ITH5
g.d s.p.a.,508,ITH5
maccaferri,494,ITH5
camst group,482,ITH5
cefla,481,ITH5
cse,455,ITH5
marposs,448,ITH5
parmalat italia s.p.a.,443,ITH5
coop adriatica,442,ITH5
coopservice,425,ITH5
impresa pizzarotti & c. s.p.a.,422,ITH5
european food safety authority (efsa),417,ITH5
azienda ospedaliero-universitaria di parma,408,ITH5
cineca,394,ITH5
cedacri,392,ITH5
kerakoll group,390,ITH5
alfasigma,386,ITH5
marazzi group,385,ITH5
granarolo s.p.a.,380,ITH5
cmc cooperativa muratori e cementisti di ravenna,368,ITH5
coesia s.p.a.,364,ITH5
edmark international,361,ITH5
trevi s.p.a.,357,ITH5
cpl concordia,350,ITH5
anonima creativa,342,ITH5
in cooperation with deloitte,339,ITH5
alfa wassermann,336,ITH5
liu jo s.p.a,335,ITH5
gruppo amadori,330,ITH5
pinko,325,ITH5
davines,322,ITH5
privatassistenza,313,ITH5
mercatone uno,312,ITH5
best union company s.p.a,309,ITH5
rosetti marino group of companies,309,ITH5
marchesini group s.p.a.,307,ITH5
elettric80 spa,302,ITH5
champion,300,ITH5
smeg,292,ITH5
site spa,292,ITH5
comer industries,291,ITH5
panini,290,ITH5
buongiorno,284,ITH5
micoperi srl,275,ITH5
gruppo teddy,265,ITH5
scuderia toro rosso f1 team,263,ITH5
gvm care & research,262,ITH5
comune di modena,261,ITH5
usl ferrara,256,ITH5
giorgio armani operations,252,ITH5
udaf,251,ITH5
area vasta romagna,240,ITH5
azienda ospedaliera - universitaria di modena,239,ITH5
twin-set simona barbieri,237,ITH5
meccanica,232,ITH5
horsa,231,ITH5
bormioli rocco,228,ITH5
foto,225,ITH5
zanichelli editore s.p.a,220,ITH5
transmec group,220,ITH5
ocme,214,ITH5
cariparma,207,ITH5
polis,203,ITH5
grandvision italy,201,ITH5
faac s.p.a.,198,ITH5
gucci,5182,ITI1
banca monte dei paschi di siena,4225,ITI1
university of florence,2890,ITI1
university of pisa,2075,ITI1
piaggio group,1818,ITI1
menarini group,1806,ITI1
salvatore ferragamo,1392,ITI1
studio tecnico ing. riccardo tognarini e centro promozionale efficienza in edilizia,1274,ITI1
scuola normale superiore,1036,ITI1
libera professione,992,ITI1
scuola superiore sant'anna,849,ITI1
comune di firenze,653,ITI1
university of siena,651,ITI1
findomestic banca spa,599,ITI1
european university institute,539,ITI1
dedalus s.p.a.,489,ITI1
università di siena,428,ITI1
banca etruria,414,ITI1
nwg s.p.a.,404,ITI1
cdc,386,ITI1
dada,381,ITI1
sofidel s.p.a.,379,ITI1
unicoopfirenze s.c.,363,ITI1
ht,363,ITI1
kme,348,ITI1
snai s.p.a,338,ITI1
a.s.d canottieri comunali firenze,303,ITI1
ansaldobreda,302,ITI1
cch® tagetik,301,ITI1
starhotels s.p.a.,293,ITI1
var group,251,ITI1
savino del bene,250,ITI1
aruba s.p.a.,246,ITI1
ids ingegneria dei sistemi s.p.a.,243,ITI1
sammontana s.p.a.,239,ITI1
gruppo aboca,234,ITI1
enegan - luce e gas,233,ITI1
professionalcar,231,ITI1
pqe group,230,ITI1
pramac,227,ITI1
conad del tirreno s.c.,216,ITI1
gpa,211,ITI1
fabio perini s.p.a,201,ITI1
patrizia pepe,198,ITI1
computer gross italia,191,ITI1
jps,189,ITI1
conad superstore,182,ITI1
lucart group,180,ITI1
polimoda,178,ITI1
bassilichi s.p.a.,176,ITI1
azimut|benetti group,173,ITI1
bottega verde,172,ITI1
lucchini spa,171,ITI1
cromology italia,169,ITI1
list spa,169,ITI1
una hotels & resorts,165,ITI1
indire,159,ITI1
infogroup scpa,143,ITI1
cassa di risparmio di san miniato,141,ITI1
ermanno scervino,137,ITI1
luisaviaroma.com,134,ITI1
ctp tecnologie di processo,132,ITI1
"cnr-ifc, national research council institute of clinical physiology",130,ITI1
oxfam italia,129,ITI1
navionics,129,ITI1
molteni farmaceutici,126,ITI1
td group s.p.a.,119,ITI1
hostess & promoter®,116,ITI1
mps capital services,112,ITI1
intarget:,109,ITI1
studio commerciale associato,106,ITI1
clouditalia telecomunicazioni,106,ITI1
h.c.hospital consulting s.p.a.,106,ITI1
qr consulting,103,ITI1
welcome italia,103,ITI1
sime s.r.l.,101,ITI1
seves,100,ITI1
estar - ente di supporto tecnico amministrativo regionale,99,ITI1
isti-cnr,99,ITI1
publiacqua s.p.a.,98,ITI1
svs,98,ITI1
zucchetti centro sistemi spa,95,ITI1
stefano ricci s.p.a.,95,ITI1
my english school italia,94,ITI1
powersoft,92,ITI1
s.a.,89,ITI1
imt lucca institute for advanced studies,88,ITI1
acf fiorentina s.p.a.,87,ITI1
ambiente s.c.,87,ITI1
savino del bene freight forwarders (i) pvt ltd,85,ITI1
benetti,84,ITI1
provincia di pisa,82,ITI1
sse - sirio sistemi elettronici s.p.a.,82,ITI1
marchesi antinori,82,ITI1
del corona & scardigli srl,81,ITI1
euroansa spa,80,ITI1
marchesi de frescobaldi,79,ITI1
terranova software,79,ITI1
azienda usl 8 di arezzo,78,ITI1
progeco engineering service srl (p.e.s. srl),78,ITI1
university of perugia,708,ITI2
università degli studi di perugia,476,ITI2
regione umbria,287,ITI2
studio architettura,232,ITI2
pagine sì! s.p.a.,202,ITI2
banca popolare di spoleto s.p.a.,200,ITI2
elettronica biomedicale srl,164,ITI2
luisa spagnoli,139,ITI2
umbragroup,127,ITI2
università per stranieri di perugia,113,ITI2
liomatic spa,84,ITI2
faist light metals division,82,ITI2
azienda usl umbria 1,80,ITI2
acciai speciali terni,77,ITI2
eles,75,ITI2
tiberina group,72,ITI2
vetrya,71,ITI2
maran credit solution s.p.a.,61,ITI2
oma (officine meccaniche aeronautiche),59,ITI2
a.b. consulting sas,57,ITI2
kemon s.p.a.,55,ITI2
la strada,53,ITI2
avantune,52,ITI2
meccanotecnica umbra group,52,ITI2
azienda ospedaliera di perugia,50,ITI2
ternienergia,48,ITI2
monini spa,42,ITI2
liceo ettore majorana orvieto,42,ITI2
plurima s.p.a.,40,ITI2
concetti s.p.a.,40,ITI2
cmc srl,39,ITI2
globe group srl,39,ITI2
fabiana filippi,38,ITI2
sistematica s.p.a.,38,ITI2
multiplayer.it,37,ITI2
susa spa,37,ITI2
diva international s.r.l.,36,ITI2
manini prefabbricati spa,35,ITI2
k.group,35,ITI2
meta group,34,ITI2
ipi srl,34,ITI2
welcare,33,ITI2
pegaso 2000,33,ITI2
umbra acque spa (acea group),33,ITI2
kimia s.p.a.,32,ITI2
faurecia emissions control technologies italy srl,31,ITI2
green consulting,29,ITI2
the umbra institute,29,ITI2
comune di perugia,29,ITI2
isa italy,29,ITI2
top quality group,28,ITI2
casse di risparmio dell'umbria spa,28,ITI2
angelantoni test technologies srl,28,ITI2
afea,28,ITI2
sir safety system spa,27,ITI2
archimede solar energy,27,ITI2
telematica italia,27,ITI2
cbl electronics,27,ITI2
edotto srl,26,ITI2
netaddiction,26,ITI2
vimer s.r.l.,25,ITI2
thyssenkrupp acciai speciali terni s.p.a.,25,ITI2
pcs group - professional computing solutions,25,ITI2
sunerg solar srl,25,ITI2
pizeta pharma s.p.a.,25,ITI2
cancelloni food service s.p.a.,25,ITI2
jobnet,24,ITI2
qfp,24,ITI2
art spa,24,ITI2
renzini alta norcineria,24,ITI2
aspasiel a company of  acciai speciali terni,24,ITI2
ecobyte technology,23,ITI2
s&r farmaceutici s.p.a.,22,ITI2
chef academy italy,22,ITI2
nexo corporation srl,21,ITI2
actl,21,ITI2
tagina ceramiche d'arte s.p.a.,21,ITI2
afb net s.r.l.,21,ITI2
movieplayer.it,21,ITI2
sitem,21,ITI2
webred,21,ITI2
marcantonini srl,19,ITI2
termoidraulica r.v.,18,ITI2
margaritelli ltd,18,ITI2
sangemini spa,18,ITI2
cementerie aldo barbetti spa,17,ITI2
nid - nuovo istituto design,17,ITI2
costa d'oro s.p.a.,17,ITI2
servizi associati soc. coop,17,ITI2
bonifazi franchising s.r.l.,17,ITI2
arnaldo caprai,17,ITI2
+energia s.p.a.,16,ITI2
conagit s.p.a.,16,ITI2
esterni,16,ITI2
faist componenti spa,16,ITI2
rossi srl mercedes-benz,16,ITI2
biotecnologiebt srl,16,ITI2
m.c. system s.r.l.,15,ITI2
crimo italia s.r.l.,15,ITI2
tiberina solutions srl,15,ITI2
indesit company,1401,ITI3
ariston thermo group,1156,ITI3
università politecnica delle marche,981,ITI3
biesse group,739,ITI3
medisur,732,ITI3
teamsystem,707,ITI3
ospedali riuniti ancona,509,ITI3
elica,439,ITI3
renco s.p.a.,428,ITI3
university of urbino,358,ITI3
iguzzini,303,ITI3
università degli studi di urbino 'carlo bo',264,ITI3
loccioni group,255,ITI3
banca dell'adriatico,247,ITI3
agente di commercio,246,ITI3
all 3,242,ITI3
università di macerata,232,ITI3
eden viaggi,209,ITI3
sida group srl,201,ITI3
enereco s.p.a.,167,ITI3
ask industries,140,ITI3
ica group,138,ITI3
clementoni,123,ITI3
scavolini s.p.a.,118,ITI3
edif,117,ITI3
lega del filo d'oro - onlus,104,ITI3
faber s.p.a,103,ITI3
metisoft spa,103,ITI3
filippetti spa,101,ITI3
apra informatica,98,ITI3
arena water instinct,92,ITI3
rainbow s.p.a.,87,ITI3
cavalera,84,ITI3
ismea,78,ITI3
fileni,78,ITI3
gruppo pieralisi,75,ITI3
essere benessere spa,75,ITI3
websolute,70,ITI3
lube industries,66,ITI3
aethra,66,ITI3
sigma spa,65,ITI3
somacis,63,ITI3
fanese,62,ITI3
roal electronics,62,ITI3
teuco guzzini spa,61,ITI3
la bottega s.p.a.,60,ITI3
trevalli cooperlat,59,ITI3
benelli armi s.p.a.,57,ITI3
schnell spa,56,ITI3
berloni spa,56,ITI3
pluservice s.r.l.,56,ITI3
techfem s.p.a. - human & sustainable engineering,54,ITI3
ien,54,ITI3
inrca - istituto nazionale riposo e cura anziani,52,ITI3
ggf group,52,ITI3
it consult,52,ITI3
brosway - bros manifatture,52,ITI3
rivacold srl,52,ITI3
ax - amicucci formazione,50,ITI3
clabo group spa,49,ITI3
simam s.p.a.,48,ITI3
imesa spa,46,ITI3
azienda ospedaliera ospedali riuniti marche nord,45,ITI3
bbc,45,ITI3
guzzini s.p.a.,44,ITI3
ifi s.p.a.,44,ITI3
garofoli spa,41,ITI3
ots spa overseas transport system,41,ITI3
gruppo gabrielli,41,ITI3
qs group s.p.a.,40,ITI3
thermowatt - ariston thermo group,38,ITI3
carifac - cassa risparmio fabriano e cupramontana,37,ITI3
halley informatica srl,37,ITI3
nuova simonelli s.p.a.,36,ITI3
sogein,36,ITI3
tvs spa,36,ITI3
cart,36,ITI3
isa yachts,36,ITI3
eme srl,35,ITI3
navigazione montanari s.p.a.,35,ITI3
labirinto cooperativa sociale,35,ITI3
vigilar srl vigilanza privata,34,ITI3
elantas europe srl.,34,ITI3
oogroup - ophthalmic pharmaceutical group,33,ITI3
istao - istituto adriano olivetti,33,ITI3
rays spa,32,ITI3
sh sistemi s.r.l.,32,ITI3
l'autre chose,32,ITI3
biesse group australia,31,ITI3
roland dg mid europe,31,ITI3
ernestomeda,31,ITI3
s.e.i.c. srl,31,ITI3
inpress di e. rossi,30,ITI3
arena water instinct,30,ITI3
hp composites srl,30,ITI3
streetlib.com,30,ITI3
a.s.a. impianti di luzietti andrea,29,ITI3
tecnowind s.p.a.,29,ITI3
loriblu,29,ITI3
ap automotive products srl,29,ITI3
leonardo,12458,ITI4
eni,12321,ITI4
poste italiane,11009,ITI4
enel,8892,ITI4
ministero della difesa,5615,ITI4
world food programme,5526,ITI4
fao,5325,ITI4
"university of rome ""la sapienza""",4488,ITI4
bnl gruppo bnp paribas,4330,ITI4
engineering ingegneria informatica spa,4085,ITI4
alitalia compagnia aerea italiana spa,3705,ITI4
trenitalia s.p.a.,2915,ITI4
consiglio nazionale delle ricerche,2884,ITI4
studio commercialista,2783,ITI4
arma dei carabinieri,2660,ITI4
banca fideuram,2518,ITI4
almaviva s.p.a.,2290,ITI4
wind,2092,ITI4
rfi rete ferroviaria italiana,2021,ITI4
"university of rome ""tor vergata""",1971,ITI4
comune,1886,ITI4
inail,1879,ITI4
banca d'italia,1819,ITI4
bulgari,1818,ITI4
università degli studi roma tre,1474,ITI4
università degli studi di roma 'la sapienza',1417,ITI4
astaldi,1379,ITI4
enel green power,1325,ITI4
fendi,1243,ITI4
enea,1232,ITI4
ferrovie dello stato s.p.a.,1154,ITI4
ministero delle infrastrutture e trasporti,1126,ITI4
comune di roma,1082,ITI4
anas,1073,ITI4
croce rossa italiana,1066,ITI4
scuola superiore della pubblica amministrazione,1065,ITI4
policlinico umberto i,1053,ITI4
infn,961,ITI4
regione lazio,941,ITI4
angelini,924,ITI4
ministero dei beni e delle attività culturali e del turismo,915,ITI4
atac spa,896,ITI4
terna,884,ITI4
rai - radiotelevisione italiana s.p.a.,884,ITI4
indipendente,865,ITI4
istat,839,ITI4
groupama assicurazioni s.p.a.,831,ITI4
international fund for agricultural development,818,ITI4
acea spa,778,ITI4
autostrade per l'italia,767,ITI4
ssc,743,ITI4
enav,726,ITI4
luiss,719,ITI4
ericsson it solutions & services spa,697,ITI4
sanpaolo invest sim s.p.a.,681,ITI4
sogei,673,ITI4
presidenza del consiglio dei ministri,637,ITI4
sara assicurazioni s.p.a.,632,ITI4
italferr s.p.a.,615,ITI4
italia lavoro,610,ITI4
sielte s.p.a.,600,ITI4
sda express courier,600,ITI4
camera dei deputati,597,ITI4
mondo convenienza,565,ITI4
telespazio,555,ITI4
invitalia,538,ITI4
sace,520,ITI4
enac,516,ITI4
lottomatica,491,ITI4
rai trade,489,ITI4
gruppo editoriale l'espresso,479,ITI4
ansa,472,ITI4
miur,472,ITI4
università campus bio-medico di roma,466,ITI4
as roma  official,453,ITI4
dgs,436,ITI4
vitrociset,429,ITI4
ingv,426,ITI4
sigma-tau,407,ITI4
consip,405,ITI4
shriram fortune solutions ltd,401,ITI4
esercito italiano,399,ITI4
sesa,399,ITI4
cassa depositi e prestiti,389,ITI4
"gianni, origoni, grippo, cappelli & partners",389,ITI4
confcommercio-imprese per l’italia,373,ITI4
senato della repubblica,371,ITI4
studio commercialista,370,ITI4
acli - associazioni cristiane lavoratori italiani,367,ITI4
brioni,366,ITI4
provincia di roma,365,ITI4
translated,360,ITI4
emec,359,ITI4
confindustria,355,ITI4
iccrea banca s.p.a.,352,ITI4
agricultural research council,351,ITI4
kt - kinetics technology s.p.a.,351,ITI4
"be think, solve, execute s.p.a.",347,ITI4
sistemi informativi,342,ITI4
ads assembly data system s.p.a.,341,ITI4
